"0","separate <- datos %>% #Creamos un nuevo objeto desde datos"
"0","  mutate(sobre_prom = case_when(ing_tot <= mean(ing_tot) ~ ""Bajo media"", "
"0","                                ing_tot > mean(ing_tot) ~ ""Sobre media"")) %>% #Creamos una variable condicional con case_when(), para identificar quienes estan bajo y sobre la media de ingreso"
"0","  separate(sobre_prom, #Especificamos la columna que queremos separar"
"0","           into = c(""sobre_o_bajo"", ""media"")) #Especificamos en cuántas columnas queremos separar los characteres, y cómo se llamarán tales columnas"
"0","head(separate)"
