"0","datos %>% #Creamos un nuevo objeto a partir de datos"
"0","  select(-ing_tot, -ends_with(""_t"")) %>%  #Des-seleccionamos la variable ing_tot, pues es de class numeric"
"0","  pivot_longer(cols=-c(1, id), #Pivoteamos a lo largo todas las columnas salvo la primera (sector) "
"0","               names_to = ""variable"", #Especificamos que la columna ""variable"" incluirá los nombres de cada una de las columnas pivoteadas"
"0","               values_to = ""value"") #Especificamos que la columna ""value"" incluirá los valores de cada una de las columnas pivoteadas"
