{"chunk_definitions":[{"row":12,"row_count":1,"visible":true,"expansion_state":0,"options":{"include":false,"engine":"r","label":"setup","echo":false},"document_id":"57FBDE32","chunk_id":"csetup_chunk","chunk_label":"setup"},{"row":48,"row_count":1,"visible":true,"expansion_state":0,"options":{"engine":"r","label":"cargar-paquetes","echo":true},"document_id":"57FBDE32","chunk_id":"cp675u7dkd9om","chunk_label":"cargar-paquetes"},{"row":56,"row_count":1,"visible":true,"expansion_state":0,"options":{"engine":"r","label":"importar-datos","echo":true},"document_id":"57FBDE32","chunk_id":"ckz4i2hq9ppyj","chunk_label":"importar-datos"},{"row":66,"row_count":1,"visible":true,"expansion_state":0,"options":{"engine":"r","label":"explorar-datos","echo":false},"document_id":"57FBDE32","chunk_id":"c4nl8m31wldak","chunk_label":"explorar-datos"},{"row":76,"row_count":1,"visible":true,"expansion_state":0,"options":{"engine":"r","label":"frq-variables","echo":true},"document_id":"57FBDE32","chunk_id":"czx4h28uhnpxm","chunk_label":"frq-variables"},{"row":86,"row_count":1,"visible":true,"expansion_state":0,"options":{"engine":"r","label":"descr_variables","echo":true},"document_id":"57FBDE32","chunk_id":"c83dp6lvgrpld","chunk_label":"descr_variables"},{"row":98,"row_count":1,"visible":true,"expansion_state":0,"options":{"engine":"r","label":"rowwise","echo":true},"document_id":"57FBDE32","chunk_id":"cfr17icgnkc5n","chunk_label":"rowwise"},{"row":107,"row_count":1,"visible":true,"expansion_state":0,"options":{"engine":"r","label":"unnamed-chunk-1"},"document_id":"57FBDE32","chunk_id":"c6fxlta96yuza","chunk_label":"unnamed-chunk-1"},{"row":118,"row_count":1,"visible":true,"expansion_state":0,"options":{"engine":"r","label":"group_by","echo":true},"document_id":"57FBDE32","chunk_id":"cb9mo18lqld9e","chunk_label":"group_by"},{"row":128,"row_count":1,"visible":true,"expansion_state":0,"options":{"engine":"r","label":"group_by_frq","echo":true},"document_id":"57FBDE32","chunk_id":"cwb7npzajs7jq","chunk_label":"group_by_frq"},{"row":136,"row_count":1,"visible":true,"expansion_state":0,"options":{"engine":"r","label":"group_by_frq2","echo":true},"document_id":"57FBDE32","chunk_id":"c14uewsnriay0","chunk_label":"group_by_frq2"},{"row":184,"row_count":1,"visible":true,"expansion_state":0,"options":{"engine":"r","label":"pivot-longer","echo":true},"document_id":"57FBDE32","chunk_id":"cnkg6hhgu8edd","chunk_label":"pivot-longer"},{"row":192,"row_count":1,"visible":true,"expansion_state":0,"options":{"engine":"r","label":"unnamed-chunk-2"},"document_id":"57FBDE32","chunk_id":"cc7dsp4it0c2i","chunk_label":"unnamed-chunk-2"},{"row":212,"row_count":1,"visible":true,"expansion_state":0,"options":{"engine":"r","label":"pivot_wider","echo":true},"document_id":"57FBDE32","chunk_id":"c6wk0giaqzzad","chunk_label":"pivot_wider"},{"row":230,"row_count":1,"visible":true,"expansion_state":0,"options":{"engine":"r","label":"separate","echo":true},"document_id":"57FBDE32","chunk_id":"cqklqh0wz52lp","chunk_label":"separate"},{"row":247,"row_count":1,"visible":true,"expansion_state":0,"options":{"engine":"r","label":"unite","echo":true},"document_id":"57FBDE32","chunk_id":"cr3m1r3gyrb3d","chunk_label":"unite"},{"row":280,"row_count":1,"visible":true,"expansion_state":0,"options":{"engine":"r","label":"merge","echo":true},"document_id":"57FBDE32","chunk_id":"cnqgwlb8wuevp","chunk_label":"merge"},{"row":297,"row_count":1,"visible":true,"expansion_state":0,"options":{"engine":"r","label":"bind_cols","echo":true},"document_id":"57FBDE32","chunk_id":"cdz2cr8iobsmr","chunk_label":"bind_cols"},{"row":313,"row_count":1,"visible":true,"expansion_state":0,"options":{"engine":"r","label":"bind_rows","echo":true},"document_id":"57FBDE32","chunk_id":"cxweclp9zj4yk","chunk_label":"bind_rows"}],"doc_write_time":1630891569,"working_dir":"C:\\Users\\Valentina Andrade\\Documents\\GitHub\\teach-R\\sesiones\\05-class\\05-clase","default_chunk_options":{}}